timestamp,camera,object,confidence,x1,y1,x2,y2
2025-11-25 21:44:11.581,cam1,watch,0.2827734649181366,1,5,409,360
2025-11-25 21:44:11.719,cam1,watch,0.316377729177475,1,5,408,360
2025-11-25 21:44:11.822,cam1,watch,0.3527398407459259,1,5,406,360
2025-11-25 21:44:11.938,cam1,watch,0.5015785694122314,2,4,402,360
2025-11-25 21:44:12.055,cam1,watch,0.49885690212249756,2,4,402,360
2025-11-25 21:44:12.172,cam1,watch,0.5013340711593628,2,4,402,360
2025-11-25 21:44:12.289,cam1,watch,0.5124108195304871,2,4,402,360
2025-11-25 21:44:12.289,cam1,watch,0.3069312870502472,202,259,237,290
2025-11-25 21:44:12.289,cam1,phone,0.26235148310661316,133,313,197,356
2025-11-25 21:44:12.387,cam1,watch,0.5096226930618286,2,4,402,360
2025-11-25 21:44:12.493,cam1,watch,0.5090213418006897,2,4,402,360
2025-11-25 21:44:12.603,cam1,watch,0.5094518065452576,2,4,402,360
2025-11-25 21:44:12.708,cam1,watch,0.4643549919128418,1,4,401,360
2025-11-25 21:44:12.816,cam1,watch,0.445529043674469,2,5,401,360
2025-11-25 21:44:12.922,cam1,watch,0.4599505662918091,2,5,402,360
2025-11-25 21:44:13.040,cam1,watch,0.42140844464302063,2,5,402,360
2025-11-25 21:44:13.040,cam1,watch,0.27216631174087524,200,260,239,289
2025-11-25 21:44:13.173,cam1,watch,0.41570377349853516,2,5,402,360
2025-11-25 21:44:13.282,cam1,watch,0.3919890224933624,2,5,402,360
2025-11-25 21:44:13.369,cam1,watch,0.499154269695282,201,260,238,301
2025-11-25 21:44:13.370,cam1,watch,0.3681018352508545,2,6,402,360
2025-11-25 21:44:13.461,cam1,watch,0.41651859879493713,201,260,238,299
2025-11-25 21:44:13.462,cam1,watch,0.37849318981170654,2,5,402,360
2025-11-25 21:44:13.556,cam1,watch,0.4074193835258484,2,5,402,360
2025-11-25 21:44:13.556,cam1,watch,0.2563762962818146,201,260,239,296
2025-11-25 21:44:13.665,cam1,watch,0.3929763734340668,2,5,402,360
2025-11-25 21:44:13.665,cam1,watch,0.3755824565887451,200,260,239,296
2025-11-25 21:44:13.766,cam1,watch,0.37677034735679626,2,5,402,360
2025-11-25 21:44:13.879,cam1,watch,0.3608303368091583,2,6,402,360
2025-11-25 21:44:14.965,cam1,watch,0.2584807872772217,3,7,407,360
2025-11-25 21:44:15.071,cam1,watch,0.260734885931015,3,7,407,360
2025-11-25 21:44:15.168,cam1,watch,0.26211702823638916,3,7,407,360
2025-11-25 21:44:15.265,cam1,watch,0.26172810792922974,3,7,407,360
2025-11-25 21:44:15.356,cam1,watch,0.290510356426239,2,7,406,360
2025-11-25 21:44:15.452,cam1,watch,0.2851766347885132,2,7,406,360
2025-11-25 21:44:15.541,cam1,watch,0.31936389207839966,1,6,406,360
2025-11-25 21:44:15.653,cam1,phone,0.3781922459602356,407,83,476,358
2025-11-25 21:44:15.653,cam1,watch,0.28777045011520386,4,1,398,360
2025-11-25 21:44:15.782,cam1,watch,0.3214367926120758,1,6,406,360
2025-11-25 21:44:15.873,cam1,watch,0.33106333017349243,1,6,406,360
2025-11-25 21:44:15.973,cam1,watch,0.4162805676460266,2,5,404,360
2025-11-25 21:44:16.087,cam1,watch,0.46813517808914185,4,0,406,359
2025-11-25 21:44:16.088,cam1,phone,0.2527993619441986,404,83,476,359
2025-11-25 21:44:16.199,cam1,watch,0.4455849826335907,2,5,403,360
2025-11-25 21:44:16.305,cam1,watch,0.4554334580898285,2,5,403,360
2025-11-25 21:44:16.412,cam1,watch,0.4653848707675934,2,5,403,360
2025-11-25 21:44:16.544,cam1,watch,0.46615952253341675,2,5,403,360
2025-11-25 21:44:16.655,cam1,watch,0.46679362654685974,2,5,403,360
2025-11-25 21:44:16.750,cam1,watch,0.46607670187950134,2,5,403,360
2025-11-25 21:44:16.842,cam1,watch,0.4624837040901184,2,5,403,360
2025-11-25 21:44:16.948,cam1,watch,0.4623849391937256,2,5,403,360
2025-11-25 21:44:17.070,cam1,watch,0.45255565643310547,2,5,403,360
2025-11-25 21:44:17.166,cam1,watch,0.4291283190250397,2,5,404,360
2025-11-25 21:44:17.266,cam1,watch,0.43603938817977905,2,5,404,360
2025-11-25 21:44:17.369,cam1,watch,0.4365535080432892,2,5,404,360
2025-11-25 21:44:17.467,cam1,watch,0.4453500509262085,2,5,404,360
2025-11-25 21:44:17.578,cam1,watch,0.4496048092842102,2,5,403,360
2025-11-25 21:44:17.693,cam1,watch,0.4499090313911438,2,5,403,360
2025-11-25 21:44:17.798,cam1,watch,0.43600940704345703,2,5,403,360
2025-11-25 21:44:17.908,cam1,watch,0.43485745787620544,2,5,403,360
2025-11-25 21:44:18.006,cam1,watch,0.46779340505599976,2,4,402,360
2025-11-25 21:44:18.007,cam1,watch,0.3157592713832855,198,260,240,297
2025-11-25 21:44:18.110,cam1,watch,0.45787686109542847,2,4,402,360
2025-11-25 21:44:18.111,cam1,watch,0.3189595937728882,198,260,240,297
2025-11-25 21:44:18.209,cam1,watch,0.4598654508590698,2,4,402,360
2025-11-25 21:44:18.209,cam1,watch,0.31480541825294495,198,260,240,297
2025-11-25 21:44:18.308,cam1,watch,0.4622540771961212,2,4,402,360
2025-11-25 21:44:18.309,cam1,watch,0.32855111360549927,197,260,240,297
2025-11-25 21:44:18.397,cam1,watch,0.47076866030693054,2,4,402,360
2025-11-25 21:44:18.397,cam1,watch,0.34285345673561096,198,260,240,297
2025-11-25 21:44:18.517,cam1,watch,0.5566532015800476,5,0,395,360
2025-11-25 21:44:18.606,cam1,watch,0.47156864404678345,2,4,402,360
2025-11-25 21:44:18.606,cam1,watch,0.3378462493419647,198,260,240,297
2025-11-25 21:44:18.715,cam1,watch,0.4710202217102051,2,4,402,360
2025-11-25 21:44:18.715,cam1,watch,0.33708059787750244,198,260,240,297
2025-11-25 21:44:18.805,cam1,watch,0.46902039647102356,2,4,402,360
2025-11-25 21:44:18.805,cam1,watch,0.34289053082466125,198,260,240,297
2025-11-25 21:44:18.906,cam1,watch,0.5497962832450867,5,0,395,360
2025-11-25 21:44:19.022,cam1,watch,0.4723494052886963,2,4,402,360
2025-11-25 21:44:19.022,cam1,watch,0.3437999188899994,198,260,240,297
2025-11-25 21:44:19.129,cam1,watch,0.4714601933956146,2,4,402,360
2025-11-25 21:44:19.129,cam1,watch,0.34489569067955017,198,260,240,297
2025-11-25 21:44:19.224,cam1,watch,0.46433672308921814,2,4,402,360
2025-11-25 21:44:19.224,cam1,watch,0.3466205894947052,198,260,240,297
2025-11-25 21:44:19.335,cam1,watch,0.46453720331192017,2,4,402,360
2025-11-25 21:44:19.335,cam1,watch,0.34663131833076477,198,260,240,297
2025-11-25 21:44:19.433,cam1,watch,0.46132364869117737,2,4,402,360
2025-11-25 21:44:19.433,cam1,watch,0.34468400478363037,198,260,240,297
2025-11-25 21:44:19.542,cam1,watch,0.46200886368751526,2,4,402,360
2025-11-25 21:44:19.542,cam1,watch,0.3467459976673126,198,260,240,297
2025-11-25 21:44:19.658,cam1,watch,0.4444253742694855,2,4,402,360
2025-11-25 21:44:19.658,cam1,watch,0.35649123787879944,198,260,240,297
2025-11-25 21:44:19.773,cam1,watch,0.449204683303833,2,4,402,360
2025-11-25 21:44:19.773,cam1,watch,0.32722386717796326,198,261,240,297
2025-11-25 21:44:19.896,cam1,watch,0.4397580325603485,2,4,402,360
2025-11-25 21:44:19.896,cam1,watch,0.30651530623435974,199,261,240,297
2025-11-25 21:44:20.012,cam1,watch,0.40131300687789917,2,5,407,360
2025-11-25 21:44:20.121,cam1,watch,0.4021745026111603,2,5,407,360
2025-11-25 21:44:20.208,cam1,watch,0.3700796365737915,2,6,407,360
2025-11-25 21:44:20.315,cam1,watch,0.3749947249889374,5,3,401,360
2025-11-25 21:44:20.428,cam1,watch,0.368478387594223,2,6,407,360
2025-11-25 21:44:20.547,cam1,watch,0.3708096146583557,2,6,407,360
2025-11-25 21:44:20.636,cam1,watch,0.40552911162376404,2,5,407,360
2025-11-25 21:44:20.745,cam1,watch,0.4272632598876953,2,5,406,360
2025-11-25 21:44:20.839,cam1,watch,0.42626047134399414,2,5,407,360
2025-11-25 21:44:20.941,cam1,watch,0.3029240667819977,3,3,411,360
2025-11-25 21:44:21.043,cam1,watch,0.2887605130672455,3,3,413,360
2025-11-25 21:44:21.044,cam1,watch,0.28135648369789124,55,335,120,360
2025-11-25 21:44:21.164,cam1,watch,0.27114805579185486,55,335,120,360
2025-11-25 21:44:21.164,cam1,watch,0.2651650011539459,3,3,413,360
2025-11-25 21:44:21.255,cam1,watch,0.2914569675922394,3,3,413,360
2025-11-25 21:44:21.383,cam1,watch,0.30355122685432434,3,3,413,360
2025-11-25 21:44:21.472,cam1,watch,0.2928726077079773,3,3,413,360
2025-11-25 21:44:21.591,cam1,watch,0.3071279227733612,5,2,402,359
2025-11-25 21:44:21.713,cam1,watch,0.2778158485889435,3,3,414,360
2025-11-25 21:44:21.816,cam1,watch,0.27337032556533813,3,3,414,360
2025-11-25 21:44:21.959,cam1,watch,0.2972128093242645,3,3,402,360
2025-11-25 21:44:22.058,cam1,watch,0.29471585154533386,3,3,403,360
2025-11-25 21:44:22.172,cam1,watch,0.2945850193500519,3,3,403,360
2025-11-25 21:44:22.269,cam1,watch,0.30906638503074646,3,3,403,360
2025-11-25 21:44:22.405,cam1,watch,0.3169657588005066,2,5,402,360
2025-11-25 21:44:24.638,cam1,watch,0.2699081003665924,202,260,242,292
2025-11-25 21:44:24.799,cam1,watch,0.29189521074295044,202,260,242,292
2025-11-25 21:44:24.927,cam1,watch,0.2657153308391571,203,260,241,291
2025-11-25 21:44:25.057,cam1,watch,0.2662101089954376,203,260,241,291
2025-11-25 21:44:25.211,cam1,watch,0.2627676725387573,202,260,242,292
2025-11-25 21:44:25.337,cam1,watch,0.2651914954185486,202,260,242,292
2025-11-25 21:44:25.490,cam1,watch,0.31205248832702637,202,260,242,292
2025-11-25 21:44:25.623,cam1,watch,0.3058806359767914,202,260,242,292
2025-11-25 21:44:25.751,cam1,watch,0.30492451786994934,202,260,242,292
2025-11-25 21:44:25.887,cam1,watch,0.30554190278053284,202,260,242,292
2025-11-25 21:44:26.019,cam1,watch,0.5689547657966614,204,260,241,300
2025-11-25 21:44:26.019,cam1,watch,0.3208204507827759,2,4,403,360
2025-11-25 21:44:26.149,cam1,watch,0.5686274170875549,204,260,241,300
2025-11-25 21:44:26.149,cam1,watch,0.3203754127025604,2,4,403,360
2025-11-25 21:44:26.302,cam1,watch,0.5677261352539062,204,260,241,300
2025-11-25 21:44:26.302,cam1,watch,0.3201117515563965,2,4,403,360
2025-11-25 21:44:26.422,cam1,watch,0.5679046511650085,204,260,241,300
2025-11-25 21:44:26.422,cam1,watch,0.32010209560394287,2,4,403,360
2025-11-25 21:44:26.578,cam1,watch,0.5676591396331787,204,260,241,300
2025-11-25 21:44:26.578,cam1,watch,0.3191128075122833,2,4,403,360
2025-11-25 21:44:26.703,cam1,watch,0.628399133682251,204,260,241,300
2025-11-25 21:44:26.703,cam1,watch,0.3193395137786865,2,4,403,360
2025-11-25 21:44:26.837,cam1,watch,0.6355347037315369,203,260,242,300
2025-11-25 21:44:26.837,cam1,watch,0.3324269950389862,2,4,402,360
2025-11-25 21:44:26.975,cam1,watch,0.5674152970314026,204,260,242,299
2025-11-25 21:44:26.975,cam1,watch,0.3353091776371002,2,4,402,360
2025-11-25 21:44:27.098,cam1,watch,0.5659293532371521,204,260,241,299
2025-11-25 21:44:27.098,cam1,watch,0.3340780436992645,2,4,402,360
2025-11-25 21:44:27.289,cam1,watch,0.5550144910812378,204,260,242,299
2025-11-25 21:44:27.289,cam1,watch,0.3449786603450775,2,4,402,360
2025-11-25 21:44:27.434,cam1,watch,0.5453817248344421,203,260,242,299
2025-11-25 21:44:27.435,cam1,watch,0.35946106910705566,2,4,402,360
2025-11-25 21:44:27.564,cam1,watch,0.5211758613586426,204,260,241,299
2025-11-25 21:44:27.565,cam1,watch,0.35886019468307495,2,4,401,360
2025-11-25 21:44:27.717,cam1,watch,0.5118779540061951,204,260,241,299
2025-11-25 21:44:27.717,cam1,watch,0.36153721809387207,2,4,402,360
2025-11-25 21:44:27.840,cam1,watch,0.5116065144538879,204,260,241,299
2025-11-25 21:44:27.840,cam1,watch,0.36851322650909424,2,4,402,360
2025-11-25 21:44:27.977,cam1,watch,0.628708004951477,203,260,242,295
2025-11-25 21:44:27.978,cam1,watch,0.25247618556022644,3,4,406,360
2025-11-25 21:44:28.098,cam1,watch,0.6394681930541992,203,260,242,295
2025-11-25 21:44:28.258,cam1,watch,0.6412314772605896,203,260,242,295
2025-11-25 21:44:28.258,cam1,watch,0.25044676661491394,3,4,406,360
2025-11-25 21:44:28.406,cam1,watch,0.6468918919563293,203,260,242,295
2025-11-25 21:44:28.407,cam1,watch,0.25438034534454346,3,4,406,360
2025-11-25 21:44:28.531,cam1,watch,0.6468684077262878,203,260,242,295
2025-11-25 21:44:28.532,cam1,watch,0.2537233829498291,3,4,406,360
2025-11-25 21:44:28.700,cam1,watch,0.6459243893623352,203,260,242,295
2025-11-25 21:44:28.700,cam1,watch,0.2524198591709137,3,4,407,360
2025-11-25 21:44:28.796,cam1,watch,0.6453372240066528,203,260,242,295
2025-11-25 21:44:28.796,cam1,watch,0.25469186902046204,3,4,407,360
2025-11-25 21:44:28.947,cam1,watch,0.6450850367546082,203,260,242,295
2025-11-25 21:44:28.948,cam1,watch,0.2529970705509186,3,4,407,360
2025-11-25 21:44:29.116,cam1,watch,0.6323146224021912,203,260,242,295
2025-11-25 21:44:29.116,cam1,watch,0.25975778698921204,3,4,407,360
2025-11-25 21:44:29.228,cam1,watch,0.6332878470420837,203,260,242,295
2025-11-25 21:44:29.228,cam1,watch,0.2543926537036896,3,4,407,360
2025-11-25 21:44:29.381,cam1,watch,0.6368374824523926,203,260,242,294
2025-11-25 21:44:29.382,cam1,watch,0.2595630884170532,3,4,407,360
2025-11-25 21:44:29.486,cam1,watch,0.6358624696731567,203,260,242,295
2025-11-25 21:44:29.486,cam1,watch,0.25795599818229675,3,4,407,360
2025-11-25 21:44:29.659,cam1,watch,0.6002604961395264,202,260,242,295
2025-11-25 21:44:29.660,cam1,watch,0.26248759031295776,3,4,407,360
2025-11-25 21:44:29.767,cam1,watch,0.575844943523407,202,260,243,296
2025-11-25 21:44:29.767,cam1,watch,0.2568042278289795,3,4,407,360
2025-11-25 21:44:29.950,cam1,watch,0.5722065567970276,202,260,243,296
2025-11-25 21:44:29.950,cam1,watch,0.25727102160453796,3,4,407,360
2025-11-25 21:44:30.108,cam1,phone,0.25314971804618835,132,322,194,356
2025-11-25 21:44:30.963,cam1,watch,0.2957160174846649,204,261,244,292
2025-11-25 21:44:30.963,cam1,watch,0.2518436014652252,2,6,406,360
2025-11-25 21:44:31.274,cam1,watch,0.25196123123168945,2,6,406,360
2025-11-25 21:44:31.392,cam1,watch,0.3812175989151001,201,259,239,298
2025-11-25 21:44:31.540,cam1,watch,0.25974714756011963,2,6,405,360
2025-11-25 21:44:31.902,cam1,watch,0.29857784509658813,2,6,409,360
2025-11-25 21:44:32.055,cam1,watch,0.31283509731292725,2,5,409,360
2025-11-25 21:44:32.188,cam1,watch,0.3169224262237549,2,6,409,360
2025-11-25 21:44:32.320,cam1,watch,0.3135211765766144,2,6,409,360
2025-11-25 21:44:32.465,cam1,watch,0.31809136271476746,2,6,409,360
2025-11-25 21:44:32.638,cam1,watch,0.3284432888031006,2,6,408,360
2025-11-25 21:44:32.764,cam1,watch,0.3244597613811493,2,6,408,360
2025-11-25 21:44:32.895,cam1,watch,0.3315924108028412,2,5,408,360
2025-11-25 21:44:32.988,cam1,watch,0.31637999415397644,2,6,408,360
2025-11-25 21:44:33.155,cam1,watch,0.34348514676094055,2,5,408,360
2025-11-25 21:44:33.275,cam1,watch,0.3406769931316376,2,5,407,360
2025-11-25 21:44:33.417,cam1,watch,0.3336305022239685,2,5,407,360
2025-11-25 21:44:33.564,cam1,watch,0.33817124366760254,2,5,408,360
2025-11-25 21:44:33.703,cam1,watch,0.3327692151069641,2,5,408,360
2025-11-25 21:44:33.835,cam1,watch,0.3549087941646576,2,5,407,360
2025-11-25 21:44:33.964,cam1,watch,0.26099279522895813,2,5,403,360
2025-11-25 21:44:34.125,cam1,watch,0.26832112669944763,2,5,403,360
2025-11-25 21:44:34.230,cam1,watch,0.2646445333957672,2,5,403,360
2025-11-25 21:44:34.360,cam1,watch,0.25461944937705994,2,5,403,360
2025-11-25 21:44:34.493,cam1,watch,0.27216944098472595,2,5,404,360
2025-11-25 21:44:34.659,cam1,watch,0.27500706911087036,2,5,404,360
2025-11-25 21:44:34.890,cam1,watch,0.2581285238265991,2,6,405,360
2025-11-25 21:44:35.159,cam1,watch,0.25339922308921814,2,6,405,360
2025-11-25 21:44:35.275,cam1,watch,0.25734153389930725,2,6,405,360
2025-11-25 21:44:35.425,cam1,watch,0.2600919306278229,2,6,406,360
2025-11-25 21:44:35.731,cam1,watch,0.26123759150505066,2,6,406,360
2025-11-25 21:44:35.876,cam1,watch,0.2685233950614929,2,5,406,360
2025-11-25 21:44:36.004,cam1,phone,0.2870926856994629,245,275,296,356
2025-11-25 21:44:36.443,cam1,phone,0.27849623560905457,135,318,199,356
2025-11-25 21:44:36.560,cam1,phone,0.2675999402999878,130,307,201,356
2025-11-25 21:44:37.541,cam1,phone,0.27370011806488037,245,274,296,356
2025-11-25 21:44:37.791,cam1,phone,0.25901487469673157,245,274,296,356
2025-11-25 21:44:38.761,cam1,watch,0.27834999561309814,2,7,401,360
2025-11-25 21:44:38.910,cam1,watch,0.2671487331390381,2,7,402,360
2025-11-25 21:44:39.041,cam1,watch,0.25514236092567444,2,7,402,360
2025-11-25 21:44:39.167,cam1,watch,0.2697451710700989,2,7,401,360
2025-11-25 21:44:39.308,cam1,watch,0.2535025179386139,2,7,402,360
2025-11-25 21:44:39.433,cam1,watch,0.2675187885761261,2,7,402,360
2025-11-25 21:44:39.555,cam1,watch,0.2654387950897217,2,7,402,360
2025-11-25 21:44:39.699,cam1,watch,0.26788848638534546,2,7,402,360
2025-11-25 21:44:39.826,cam1,watch,0.26176008582115173,3,5,403,360
2025-11-25 21:44:39.935,cam1,phone,0.30609893798828125,248,273,297,356
2025-11-25 21:44:40.189,cam1,watch,0.2760487496852875,214,256,254,288
2025-11-25 21:44:40.339,cam1,watch,0.2518231272697449,215,256,255,289
2025-11-25 21:44:40.868,cam1,watch,0.28012797236442566,220,253,273,303
2025-11-25 21:44:41.205,cam1,watch,0.5446184277534485,226,256,273,302
2025-11-25 21:44:41.576,cam1,watch,0.5676094889640808,227,259,270,301
2025-11-25 21:44:41.731,cam1,watch,0.43958768248558044,226,260,269,297
2025-11-25 21:44:41.841,cam1,watch,0.4625176191329956,220,264,259,297
2025-11-25 21:44:41.993,cam1,watch,0.3256467282772064,1,5,401,360
2025-11-25 21:44:42.126,cam1,watch,0.387076199054718,1,5,401,360
2025-11-25 21:44:42.280,cam1,watch,0.3703964054584503,1,5,402,360
2025-11-25 21:44:42.414,cam1,watch,0.37741437554359436,1,5,403,360
2025-11-25 21:44:42.551,cam1,watch,0.3732895255088806,1,5,403,360
2025-11-25 21:44:42.686,cam1,watch,0.3500230312347412,1,5,404,360
2025-11-25 21:44:42.810,cam1,watch,0.3402644097805023,1,5,404,360
2025-11-25 21:44:42.956,cam1,watch,0.33558833599090576,1,5,404,360
2025-11-25 21:44:43.074,cam1,watch,0.33076053857803345,1,5,404,360
2025-11-25 21:44:43.241,cam1,watch,0.33251622319221497,1,5,404,360
2025-11-25 21:44:43.345,cam1,watch,0.33496567606925964,1,4,404,360
2025-11-25 21:44:43.539,cam1,watch,0.3605487644672394,1,4,404,360
2025-11-25 21:44:43.662,cam1,watch,0.357948362827301,1,4,404,360
2025-11-25 21:44:43.839,cam1,watch,0.3779679238796234,1,4,404,360
2025-11-25 21:44:44.967,cam1,watch,0.2504350244998932,2,7,409,360
2025-11-25 21:44:47.902,cam1,watch,0.3090764582157135,1,5,404,360
2025-11-25 21:44:48.100,cam1,watch,0.3160809874534607,1,5,404,360
2025-11-25 21:44:48.241,cam1,watch,0.32097944617271423,1,5,404,360
2025-11-25 21:44:48.390,cam1,watch,0.3120333254337311,1,5,404,360
2025-11-25 21:44:48.519,cam1,watch,0.3151983618736267,1,5,404,360
2025-11-25 21:44:48.696,cam1,watch,0.3189515769481659,1,5,404,360
2025-11-25 21:44:48.805,cam1,watch,0.3133847713470459,1,5,404,360
2025-11-25 21:44:48.952,cam1,watch,0.3113231658935547,1,5,404,360
2025-11-25 21:44:49.072,cam1,watch,0.31287211179733276,1,5,404,360
2025-11-25 21:44:49.222,cam1,watch,0.32219985127449036,1,5,404,360
2025-11-25 21:44:49.353,cam1,watch,0.3316919803619385,1,5,403,360
2025-11-25 21:44:49.455,cam1,watch,0.3286687135696411,1,5,403,360
2025-11-25 21:44:49.630,cam1,phone,0.4335498511791229,137,326,198,356
2025-11-25 21:44:49.630,cam1,watch,0.3390439450740814,1,5,403,360
2025-11-25 21:44:49.871,cam1,phone,0.4829050898551941,137,327,198,356
2025-11-25 21:44:49.871,cam1,watch,0.33683064579963684,1,5,403,360
2025-11-25 21:44:49.981,cam1,watch,0.34356990456581116,2,5,404,360
2025-11-25 21:44:49.982,cam1,phone,0.28418150544166565,135,324,201,356
2025-11-25 21:44:50.176,cam1,watch,0.3454309105873108,2,5,404,360
2025-11-25 21:44:50.177,cam1,phone,0.2845152020454407,135,324,201,356
2025-11-25 21:44:50.302,cam1,phone,0.35179582238197327,136,325,201,356
2025-11-25 21:44:50.303,cam1,watch,0.32797133922576904,2,5,404,360
2025-11-25 21:44:50.485,cam1,watch,0.32431551814079285,2,5,404,360
2025-11-25 21:44:50.485,cam1,phone,0.31048092246055603,135,324,200,356
2025-11-25 21:44:50.607,cam1,phone,0.36050349473953247,135,324,200,356
2025-11-25 21:44:50.607,cam1,watch,0.33409056067466736,2,5,404,360
2025-11-25 21:44:50.765,cam1,phone,0.3601154386997223,135,324,200,356
2025-11-25 21:44:50.765,cam1,watch,0.3342437744140625,2,5,404,360
2025-11-25 21:44:50.869,cam1,watch,0.3347984850406647,2,5,404,360
2025-11-25 21:44:51.031,cam1,watch,0.3292303681373596,2,5,404,360
2025-11-25 21:44:51.156,cam1,watch,0.33962780237197876,2,5,403,360
2025-11-25 21:44:51.156,cam1,phone,0.2616754472255707,136,324,200,356
2025-11-25 21:44:51.252,cam1,watch,0.3334425985813141,2,5,404,360
2025-11-25 21:44:51.428,cam1,watch,0.3302338421344757,2,5,404,360
2025-11-25 21:44:51.429,cam1,phone,0.2677094638347626,139,324,201,356
2025-11-25 21:44:51.554,cam1,watch,0.3314460515975952,2,5,403,360
2025-11-25 21:44:51.555,cam1,phone,0.29299744963645935,138,326,201,356
2025-11-25 21:44:51.714,cam1,watch,0.3240957260131836,2,5,403,360
2025-11-25 21:44:51.714,cam1,phone,0.29566076397895813,139,326,201,356
2025-11-25 21:44:51.822,cam1,watch,0.33027106523513794,2,5,403,360
2025-11-25 21:44:51.824,cam1,phone,0.3296983540058136,139,326,201,356
2025-11-25 21:44:52.003,cam1,phone,0.34884214401245117,140,325,199,356
2025-11-25 21:44:52.004,cam1,watch,0.295952707529068,3,3,406,360
2025-11-25 21:44:52.147,cam1,watch,0.3091323673725128,2,6,405,360
2025-11-25 21:44:52.147,cam1,phone,0.2788565456867218,140,324,199,356
2025-11-25 21:44:52.319,cam1,watch,0.37255823612213135,2,5,403,360
2025-11-25 21:44:52.319,cam1,phone,0.2608691453933716,137,324,200,356
2025-11-25 21:44:52.418,cam1,watch,0.34788545966148376,2,6,404,360
2025-11-25 21:44:52.419,cam1,phone,0.3000907301902771,137,323,200,356
2025-11-25 21:44:52.605,cam1,watch,0.3351587951183319,2,6,404,360
2025-11-25 21:44:52.606,cam1,phone,0.30337586998939514,137,324,200,356
2025-11-25 21:44:52.722,cam1,watch,0.3133682608604431,2,6,404,360
2025-11-25 21:44:52.890,cam1,watch,0.32237327098846436,2,6,404,360
2025-11-25 21:44:53.008,cam1,watch,0.3253210484981537,2,6,405,360
2025-11-25 21:44:53.192,cam1,watch,0.3108663856983185,2,6,405,360
2025-11-25 21:44:53.292,cam1,watch,0.33956483006477356,2,6,404,360
2025-11-25 21:44:53.463,cam1,watch,0.32965752482414246,2,6,404,360
2025-11-25 21:44:53.586,cam1,watch,0.3415778875350952,2,6,404,360
